timestamp,realized_var,garch_var,garchx_var
2022-08-09,0.0007274642582747189,0.0009211430623803361,0.001254486778767079
2022-08-10,0.000754655483677927,0.0009261476822952483,0.0013392622730304202
2022-08-11,0.0011060144172559104,0.000933007424986068,0.001511593003967486
2022-08-12,1.703725242579879e-07,0.0009721505658780165,0.001358458487452795
2022-08-13,0.0003391483951199596,0.0009035660759997132,0.001540749305175629
2022-08-14,7.576346824072596e-07,0.0008730595316868787,0.0014430245335584247
2022-08-15,1.846750131332999e-05,0.000813075217638365,0.0012787200953395031
2022-08-16,5.66537898273745e-05,0.0007598965535268189,0.0012638015587115108
2022-08-17,0.0001116341490713105,0.0007149767257471631,0.001152500969458641
2022-08-18,0.0005374025685985361,0.0006794306607793252,0.0015576798215033519
2022-08-19,2.804716087185117e-05,0.0006892935187589295,0.0013759056470020908
2022-08-20,0.011241648792948634,0.0006477341626097771,0.0015068378943405363
2022-08-21,0.00018836001458150776,0.0016668165907492605,0.0016519003631748656
2022-08-22,0.0002972080667893934,0.0015487700137251548,0.001223175787267377
2022-08-23,3.967491383630215e-05,0.0014538277709550231,0.0013341410576490735
2022-08-24,3.6223471987400466e-05,0.0013438128666438665,0.0012133280745744827
2022-08-25,3.8444132764844095e-05,0.0012447026846622194,0.0013815517182196044
2022-08-26,9.171924797100612e-05,0.001155654555650819,0.0011870006843623271
2022-08-27,0.004106979066965528,0.0010799500830419632,0.0014777121672667885
2022-08-28,0.00011734196897124927,0.0013816154208915056,0.0017247895461981802
2022-08-29,0.00045924208441326485,0.001287214179597573,0.001440768036026805
2022-08-30,0.0011651976535790298,0.0012334708585367748,0.0013117727040380884
2022-08-31,0.0006250663909413592,0.0012497475784728467,0.0012361013125532353
2022-09-01,0.00016120426528358107,0.001214747221479457,0.001298085541049421
2022-09-02,1.4836497002037422e-05,0.0011400538794807693,0.0013818380722009265
2022-09-03,6.161433142193171e-05,0.0010590264024303328,0.001383435797106078
2022-09-04,4.786533694397267e-05,0.0009895974443552373,0.0014487631301196304
2022-09-05,6.031806903317435e-05,0.000925087665738627,0.0013404068646153194
2022-09-06,7.675778430002511e-05,0.0008673648425205638,0.0011928467943298634
2022-09-07,0.002545007229186718,0.0008161467406174141,0.0011458144773313888
2022-09-08,0.0005638323265701027,0.0009983508304880467,0.0015099795645946892
2022-09-09,4.186403687016809e-06,0.000980595625932861,0.0016625693855034252
2022-09-10,0.01017275930157643,0.0009129556047682023,0.0014273739019843223
2022-09-11,0.00019335565533345602,0.0017846470404245189,0.0014013281607388175
2022-09-12,1.6676213355280462e-05,0.0016590743700266857,0.001304025249753408
2022-09-13,0.0007421354924105954,0.0015297724579572528,0.0013835337778760923
2022-09-14,0.009463826227376501,0.0014807813820464587,0.0012937964745524965
2022-09-15,7.529364091430451e-06,0.002238547705522778,0.0014393965438087943
2022-09-16,0.0007308688532362435,0.0020522364943248296,0.0014087211243151033
2022-09-17,1.3077106202331294e-05,0.001954387201671205,0.0017261231331990624
2022-09-18,0.00031664397101041354,0.0017990096067658939,0.0018914326421016205
2022-09-19,0.0012825570769959026,0.0016869993052697793,0.0014298802970607735
2022-09-20,4.092048342888633e-05,0.0016729571747118304,0.0014383350813406924
2022-09-21,0.0011560324734299673,0.0015479417968534,0.0011486746865458247
2022-09-22,0.0003365321829083415,0.0015346029491874553,0.0014782699438382067
2022-09-23,0.0020831627294987114,0.001448844863719009,0.0011068266348043657
2022-09-24,3.586304606154082e-05,0.0015280056921858761,0.001576501423707266
2022-09-25,0.00035586712327579674,0.0014159869342057203,0.00155971791595777
2022-09-26,5.112046995049328e-05,0.0013426544893852255,0.0012848479576697215
2022-09-27,0.0004893814751523739,0.00124865322482579,0.0011521346820276904
2022-09-28,3.422289979214958e-05,0.001202276056363577,0.0013308022202572622
2022-09-29,0.00026925853515050337,0.0011190447795760188,0.0014586896636244722
2022-09-30,5.631280384692719e-05,0.0010642765983162551,0.0011466662721767572
2022-10-01,5.24657352061577e-05,0.0009947793873517836,0.0012636216780476314
2022-10-02,3.8176537668317145e-05,0.0009308631654254677,0.001300995735014825
2022-10-03,0.00019526954405563906,0.000870825027373219,0.0014767019059324156
2022-10-04,0.0008984512453037904,0.0008308140313667138,0.0011568512602575358
2022-10-05,0.001274653918448622,0.000860567323599172,0.0011825206408903315
2022-10-06,7.56587889236227e-05,0.000921526770704911,0.0013290361888109914
2022-10-07,0.00010473561071667239,0.0008665079702100459,0.0011578762560683544
2022-10-08,0.00042798623014939405,0.0008188553006741637,0.001472929387904638
2022-10-09,4.472115046722467e-05,0.0008055005073399975,0.0012020074757692837
2022-10-10,2.360979722935709e-06,0.0007574200477664879,0.001245682089270629
2022-10-11,0.0002498091564934782,0.0007092834338623364,0.0011533206619371349
2022-10-12,2.2244463981210907e-05,0.0006889865105519666,0.0011775624969691222
2022-10-13,3.080134976737411e-05,0.0006483743155402636,0.0013339180332215574
2022-10-14,0.0001368906206224439,0.0006118651578169034,0.001280026590524277
2022-10-15,0.00010462274882492644,0.0005890386535694353,0.001043973940479629
2022-10-16,3.807564627564714e-05,0.0005649211426970787,0.0012972227976990772
2022-10-17,0.00010937335084768046,0.0005359472401879227,0.0012044353226928256
2022-10-18,0.0002120953613172767,0.0005167908564730774,0.001248248991813196
2022-10-19,0.00012381741393914516,0.0005099311269434538,0.0012490784032105238
2022-10-20,0.00010262949999852125,0.0004945473852058876,0.0011541915596758666
2022-10-21,2.018416602687835e-05,0.00047822899715726407,0.001070938142030738
2022-10-22,3.858783396573869e-05,0.0004542994694225879,0.001134605430567447
2022-10-23,3.4647779218545712e-06,0.0004341932488113233,0.0012068739973891262
2022-10-24,0.00034255165174243267,0.0004115163318456342,0.001293729400059757
2022-10-25,0.00012953406378837397,0.00042780953942000836,0.0010740991548381696
2022-10-26,0.0014478120581653494,0.00041987557748259647,0.001053933553078066
2022-10-27,0.0010901351233365212,0.0005439708180983791,0.001193104977020413
2022-10-28,0.000557336923729936,0.0006212470370424917,0.001645874299170911
2022-10-29,0.00022929508151773225,0.0006394089131740113,0.0013900585547091996
2022-10-30,0.00011611119881858844,0.0006229544535380818,0.0012228990116649016
2022-10-31,7.784495348695032e-05,0.0005963883919626531,0.001286338683052757
2022-11-01,4.622937700962127e-05,0.0005682542236542153,0.0010264870774370472
2022-11-02,2.6258657081100966e-07,0.0005392810938898012,0.0012378744116801268
2022-11-03,0.0002569744941281296,0.0005078519451918829,0.0011716742999084648
2022-11-04,6.255583700488178e-06,0.0005060675582436399,0.0011571093834260306
2022-11-05,0.0020549900651269373,0.0004779680280965699,0.0015691934165215362
2022-11-06,4.077055581002547e-05,0.0006535706488848144,0.0011903433348524218
2022-11-07,0.00028488333245784754,0.0006159269242991912,0.0013132378120275247
2022-11-08,0.00024298137517792665,0.0006069987214014373,0.001217126701295352
2022-11-09,0.011115199568495805,0.0005946018539346262,0.0014302439404019955
2022-11-10,0.023990772132352657,0.0016130751505336622,0.0013188492025511022
2022-11-11,0.010411632837736162,0.003827270602339325,0.0013790087285873779
2022-11-12,0.0010187876802984367,0.004562796902996065,0.001402544311382817
2022-11-13,0.00019315828843772883,0.004228862771741806,0.00133662571734813
2022-11-14,0.0007234327390339212,0.003842003092942194,0.0014201054083483944
2022-11-15,0.0002580756272313796,0.00355807830373967,0.0013362844684130033
2022-11-16,0.0002529473049466287,0.003257399943143502,0.0015864564403334073
2022-11-17,0.00016449807697230584,0.0029896234847127273,0.0020145037631970094
2022-11-18,1.174881310460714e-06,0.0027420741892052124,0.001048836758814487
2022-11-19,3.77767388711421e-07,0.002504752052929091,0.001340203364886508
2022-11-20,6.794585536597162e-07,0.0022916596719936436,0.00116014522682351
2022-11-21,0.0006469916371386672,0.0020996403895464527,0.0015075781948748845
2022-11-22,0.0009896726188573885,0.0019864533186192963,0.0013411995981272042
2022-11-23,0.0006337662793788711,0.0019162402375638465,0.0011530918469920914
2022-11-24,0.0006588440158216551,0.0018190887393039373,0.0013262031452145311
2022-11-25,1.4127347005357566e-07,0.0017334539981857596,0.0012005645593621862
2022-11-26,2.488388409408888e-05,0.0015934795032345784,0.001513586526265057
2022-11-27,1.2180024069051765e-05,0.0014681943109713805,0.0012965164025516946
2022-11-28,1.4267509472449893e-06,0.0013525083148162593,0.0014572972900177875
2022-11-29,0.00019373433635518428,0.001245553075719682,0.0011401561358051425
2022-11-30,0.00019433653961185604,0.0011676984883585931,0.001369190205476751
2022-12-01,0.0018541434982637574,0.001097100051787113,0.001182831105346132
2022-12-02,0.00013928882312979048,0.001200422426811532,0.0010568282021829552
2022-12-03,5.0936569818028145e-05,0.0011225056463873746,0.0012656923578492235
2022-12-04,0.00011266198182874912,0.0010426440597395413,0.0012168695299406783
2022-12-05,0.00017053336648300313,0.0009762388706527516,0.001271209773187508
2022-12-06,8.332529890083948e-05,0.0009219932113748034,0.001366697750867142
2022-12-07,4.533376368877936e-05,0.0008635493317438083,0.0011406671599510014
2022-12-08,0.00020234999433334396,0.0008062689694299842,0.0011537035428740047
2022-12-09,0.0005114020453052508,0.0007715836376153999,0.0013253193668007399
2022-12-10,3.4086570164021735e-05,0.0007733902752449809,0.0014342096239860602
2022-12-11,6.68037454289594e-08,0.0007239522383878281,0.0012741175643027488
2022-12-12,2.0540530600475193e-06,0.0006751257108875821,0.0017462419888770759
2022-12-13,3.552074071988297e-05,0.0006308213903624857,0.0006349284703642025
2022-12-14,0.001080094338315432,0.0005944108718693014,0.0010490528466134649
2022-12-15,3.720773422305455e-06,0.0006747257646819432,0.0012259891835684062
2022-12-16,0.0006568139137587729,0.0006318829966978862,0.0008675759709088032
2022-12-17,0.0017799799818955337,0.0006626465517983979,0.0006146901143838443
2022-12-18,7.792603364554849e-05,0.0008042029618643983,0.0013939594739227588
2022-12-19,4.8944092117658005e-06,0.0007575922004047606,0.0010541022374047561
2022-12-20,0.00036773630727564185,0.0007078726113320687,0.000943289547055482
2022-12-21,0.0007833676121936443,0.0007004465732557253,0.000713722575258903
2022-12-22,2.771505943513764e-05,0.0007364125536482456,0.0012386981965424569
2022-12-23,5.794489020653889e-07,0.0006910470512605758,0.0013136921714583746
2022-12-24,3.9434351159805e-06,0.000647048926234598,0.0012694926362765953
2022-12-25,9.120135176452348e-06,0.0006073805258636193,0.0015543124014771464
2022-12-26,1.1731287676330971e-07,0.0005717748468501339,0.0020120290722254563
2022-12-27,2.1250772199414412e-05,0.0005382513573910996,0.0012046313102597247
2022-12-28,0.0001451602526013851,0.0005099339974141925,0.0010961609775929787
2022-12-29,9.791202044450135e-05,0.0004979854615246819,0.0010958255278204108
2022-12-30,2.9253438848625353e-05,0.0004818406256337701,0.0012754731565974109
2022-12-31,5.720209176478526e-06,0.0004592076078876236,0.0010909121356953932
2023-01-01,1.1046753350055124e-05,0.0004355951466800606,0.0013753615441649905
2023-01-02,2.188000080611247e-05,0.00041443848847016296,0.0014789955936971603
2023-01-03,1.4483357701561823e-05,0.000396213130856049,0.0012088735973419921
2023-01-04,2.6651912125579333e-07,0.00037838199058740654,0.0011369843233049915
2023-01-05,0.0001195557228654813,0.0003599093276123014,0.0012314428821649137
2023-01-06,2.473755575433145e-06,0.000358098942623077,0.001351300559855026
2023-01-07,4.6523206720578726e-05,0.0003411685942409826,0.0012828672189640026
2023-01-08,3.3637697855913e-08,0.00033124442612033017,0.0012663622415879578
2023-01-09,6.388936543822788e-05,0.0003155087847265046,0.0011578764346221308
2023-01-10,3.7805148994262404e-05,0.00030966995801688196,0.0010075451386934399
2023-01-11,0.00020788258431881317,0.0003004991664191504,0.0010351901476541303
2023-01-12,0.0007629279548183331,0.000314399066218862,0.0011788934476617294
2023-01-13,0.002580963147918466,0.0003897690267605724,0.0012556198712760226
2023-01-14,0.0028782380344534475,0.0006472766841891281,0.0010797295302134545
2023-01-15,0.0027240508516969105,0.0009136594832129637,0.0013473339914292536
2023-01-16,2.0822363269558394e-05,0.0011417773113197379,0.0011894992357338707
2023-01-17,0.00018872494948717034,0.0010450843679976683,0.0012456151751735734
2023-01-18,1.4693757979133635e-07,0.0009798318000146808,0.0013617119193359791
2023-01-19,0.0005104360195215366,0.0009007460427524429,0.0012321247570325955
2023-01-20,0.0003631057577730675,0.0008867729380304924,0.0011990169215759868
2023-01-21,0.005283044188268102,0.0008582224322912541,0.001237861431366621
2023-01-22,1.9777792362383508e-05,0.0013530739416917304,0.0010173771253882769
2023-01-23,6.324169903075227e-06,0.0012363605476634844,0.0013120590269444967
2023-01-24,8.789891641871956e-05,0.0011322204624922136,0.0011900962124795475
2023-01-25,0.00017101000042677353,0.0010489748808869292,0.0012024528846980962
2023-01-26,0.0004428156223740028,0.0009837067822871706,0.0012018250052316384
2023-01-27,1.3595064753086525e-05,0.0009538371208714089,0.001367300277695308
2023-01-28,3.9722342481835304e-06,0.0008821240099055709,0.0015203108223773968
2023-01-29,4.269654840496303e-06,0.0008168994129498063,0.0011309641396362042
2023-01-30,0.0010094177521490126,0.0007583289133004887,0.0012121771925629806
2023-01-31,0.0016077625657286365,0.0008101314228900287,0.0014290474977317943
2023-02-01,0.0001693196530355622,0.0009187247142345062,0.0011718018178540305
2023-02-02,0.000622289674234907,0.000867026635448577,0.0010908311988408678
2023-02-03,0.00011395028494438736,0.0008678245542203985,0.0012198934531944428
2023-02-04,9.23782886587282e-07,0.0008155593981445529,0.0010681057716680797
2023-02-05,2.5223635331768632e-05,0.0007567947599188098,0.001303143399990623
2023-02-06,0.00026420838766068354,0.000706422873356836,0.001093502050836939
2023-02-07,7.319446570987247e-05,0.000686130356266663,0.0010314121281742206
2023-02-08,0.00048005667626663777,0.0006477041449221167,0.001065656687805979
2023-02-09,0.0001977882901071134,0.0006560430863102179,0.0012928509355153695
2023-02-10,0.0025073001135109655,0.0006338063451679065,0.001139897800681656
2023-02-11,5.96419136120914e-05,0.0008535703545969152,0.0011215496238161564
2023-02-12,0.00010192357487394256,0.0007969013204313053,0.001347253115034282
2023-02-13,1.434258664439091e-05,0.0007505563821528018,0.0011814697423547537
2023-02-14,8.332947468405414e-07,0.0006996699152035087,0.0011280456750282922
2023-02-15,0.0003514674833010207,0.0006523701913423943,0.0011474811731525406
2023-02-16,0.008058654311758272,0.0006466876184454962,0.001160286286328652
2023-02-17,0.0008155651602313479,0.0014291258602892323,0.0008778318622688605
2023-02-18,0.0015292987441763155,0.001394107658935919,0.0012954519087855362
2023-02-19,9.460691118602852e-06,0.0014379255185124147,0.0010507769498641455
2023-02-20,0.00016408890327840949,0.0013148513920202525,0.0011388325095386838
2023-02-21,0.0004163658510175013,0.0012223009468369476,0.0012711487541683549
2023-02-22,0.0002542870841466521,0.001165911049045069,0.001111145252010616
2023-02-23,0.00010364048065473153,0.0010986123714825276,0.0013743216455888545
2023-02-24,0.0001005591145859676,0.0010229304749413365,0.0012378198941520049
2023-02-25,0.0010107355499758915,0.0009546985220465164,0.0012020601646426643
2023-02-26,9.628478007132207e-07,0.0009858778328192186,0.0010929161253323096
2023-02-27,0.0002726311458239897,0.0009112662845351629,0.0009850036559362724
2023-02-28,2.652508938703029e-06,0.0008717611930134767,0.0011687867210688325
2023-03-01,0.0002589759870184966,0.0008086581192221924,0.0010235099086359598
2023-03-02,0.00045525924501185647,0.0007779605391228645,0.0014061697073883726
2023-03-03,5.272720686472541e-05,0.0007704557121091294,0.0012049774298277356
2023-03-04,0.002358309192759602,0.00072229693090243,0.0014271087578158624
2023-03-05,1.7414222957367385e-07,0.0009143272375100496,0.0009916023762910919
2023-03-06,1.3461228409586975e-05,0.0008467114882198471,0.0011519528373566306
2023-03-07,6.583544049856664e-08,0.0007872943688335873,0.0009681405785985556
2023-03-08,8.84754502485012e-05,0.0007322795692063891,0.0011402466626119123
2023-03-09,0.0005215429592013974,0.0006916576689948474,0.0011960764042963877
2023-03-10,0.004150517917618236,0.0006996451592730006,0.0011239145186020699
2023-03-11,7.516295047093116e-05,0.0010740279827326485,0.0010047221648183133
2023-03-12,0.00047577299560207334,0.0009978515223195627,0.001168149042456191
2023-03-13,0.005127120191553717,0.0009707391273071078,0.0011263235176613832
2023-03-14,0.007705966462939825,0.001418401068727459,0.0016318173894289832
2023-03-15,0.0005024844442289876,0.0020968492788640226,0.0013098824683561207
2023-03-16,0.00022708741388073484,0.0019580756345626486,0.0012400684943834812
2023-03-17,0.0007500873146868164,0.001805053700495619,0.0014510844856235109
2023-03-18,0.008177732727454992,0.001724250761011675,0.001091099845415428
2023-03-19,0.0002837087445811256,0.0024193735631979495,0.0010882135568699419
2023-03-20,0.001521976123523231,0.002223484911990348,0.0012353961238378431
2023-03-21,9.463512562460835e-05,0.0021801240132887654,0.0013972017627904673
2023-03-22,0.00021337202885318701,0.0019914593626310212,0.0011073517872876495
2023-03-23,0.0009799989419572782,0.001836067809948138,0.0010538193743969745
2023-03-24,0.0013617894079117985,0.0017752127726976626,0.0011780680850063548
2023-03-25,0.0009071983271690713,0.0017592947483757587,0.0012903345972061198
2023-03-26,2.6745277206753876e-09,0.0016985262165931804,0.0016328844467603117
2023-03-27,0.0003243052763998177,0.001552254089250212,0.0012327141969695704
2023-03-28,0.0009608412900272786,0.0014535630683475914,0.0011276877625015472
2023-03-29,2.2222739695434328e-05,0.0014293179423762014,0.0010286069092529473
2023-03-30,0.0015095866381514096,0.0013126464540084493,0.001229495167162753
2023-03-31,0.00012475993604238103,0.0013586557283711705,0.0010623362179456018
2023-04-01,0.00024794958183933205,0.0012594613073129179,0.0009761749616272333
2023-04-02,5.622762166181466e-06,0.0011825962393599409,0.0006848546333756302
2023-04-03,5.5952970830353705e-05,0.00108861072771198,0.0010538268479770177
2023-04-04,0.0002135477813946144,0.0010088125635498916,0.0010837082967634513
2023-04-05,0.00018240084981722146,0.0009532321942161774,0.001083607024657814
2023-04-06,1.233454470186e-07,0.0008999014093358014,0.0012107482591387484
2023-04-07,2.266957152036012e-05,0.0008322601629124784,0.0011432014579681278
2023-04-08,1.786415513656508e-05,0.0007733813840079002,0.0010224556276693566
2023-04-09,6.165138190978e-07,0.0007194853005402237,0.0012070119143833668
2023-04-10,0.00018743506192108364,0.0006686412804008585,0.0011071289391516193
2023-04-11,0.0020733129870267363,0.0006443246396666656,0.0010066066707539708
2023-04-12,0.00037789375452178443,0.0008248919150352728,0.0011478996027971357
2023-04-13,1.0114739445897769e-05,0.0008052495245283799,0.001202423230722958
2023-04-14,7.379039815697184e-05,0.0007487505134747119,0.0016935696703535407
2023-04-15,8.098566040620679e-06,0.0007045424543276163,0.0011056063577557695
2023-04-16,3.024710891182291e-05,0.0006575337942237441,0.0012489891231877675
2023-04-17,1.0731535005680774e-08,0.0006173726897501354,0.0011890721528752788
2023-04-18,0.0008484825197375435,0.0005775858947915383,0.0012222947335527828
2023-04-19,0.0010135602488654655,0.0006347579168530588,0.0010691372439001524
2023-04-20,0.002830190697505542,0.0007027154379344832,0.0009766348153833905
2023-04-21,0.0004084896392205726,0.0009546290128052055,0.0010090851452991241
2023-04-22,0.0012187693518806073,0.0009249355503626736,0.0010227704855482046
2023-04-23,0.0003851310698978941,0.0009846367881723066,0.0010644740296509951
2023-04-24,6.661401986270295e-05,0.0009492677040706761,0.0009536549909740184
2023-04-25,5.743444998378001e-06,0.000883502600480608,0.0010759609752854394
2023-04-26,0.0007853001739421792,0.0008182864837150869,0.0010034410414884647
2023-04-27,1.6466762354886692e-05,0.0008426671690798011,0.0009051636695706955
2023-04-28,0.0013186436182747036,0.0007828608237146005,0.0009131174982148248
2023-04-29,2.061707460243057e-05,0.0008673447631976881,0.0009770879861042974
2023-04-30,9.814456064635397e-06,0.0008054316938276362,0.0011507464087768978
2023-05-01,4.822462038788312e-07,0.000748814939746563,0.0009723888526116562
2023-05-02,0.0016853370030823142,0.0006969295523414564,0.0008668654361671013
2023-05-03,0.000430532217614009,0.0008287850802709205,0.0009650072878299861
2023-05-04,0.00012756800779672995,0.0008145903617989916,0.0009574192141121107
2023-05-05,3.0059975444371755e-05,0.0007695999956700421,0.0007119369902382158
2023-05-06,0.0005534032122702349,0.0007188121032093034,0.0007277138107429105
2023-05-07,0.0004645585570523264,0.000729002796307605,0.000824869013437835
2023-05-08,0.00024581261287569576,0.0007287662326149603,0.0010205779890987462
2023-05-09,0.0007342734392911539,0.0007052409438703303,0.0015724126835024684
2023-05-10,1.6450758775508685e-06,0.0007362178951848499,0.0010420039887954844
2023-05-11,1.7938145230385486e-06,0.0006856833404235538,0.0015218153629903929
2023-05-12,0.0005169997212820998,0.0006402164113380595,0.0009340040035427015
2023-05-13,5.296953372192553e-05,0.0006548374123430792,0.0011314672492782811
2023-05-14,6.09120624783025e-07,0.0006179731900239531,0.0010759846361861533
2023-05-15,2.9778973266346464e-05,0.0005789242594633793,0.0009708989852953738
2023-05-16,9.377381676212051e-05,0.000546807251488282,0.0007845962641806702
2023-05-17,3.311937246322754e-05,0.0005248896891551581,0.0008102935979622986
2023-05-18,0.00017704828407226177,0.0004981680495030925,0.0009373482909758363
2023-05-19,0.0004366563123497637,0.0004902970240748445,0.0009972108170015746
2023-05-20,4.649502168025516e-06,0.0005120082747570211,0.0009680211570990682
2023-05-21,7.859886842108565e-05,0.00048312805888500916,0.00102992797682943
2023-05-22,0.0001945290410592675,0.00046544803569556546,0.0008620171014694989
2023-05-23,1.321973660426092e-05,0.00046273865995393235,0.0008207410953441413
2023-05-24,0.00019179376629900054,0.0004391864804506251,0.0011196265480290866
2023-05-25,0.00110691952866281,0.00043870047203559793,0.0008845475666420558
2023-05-26,2.8670950881515974e-05,0.0005384026467807252,0.0010310652469928305
2023-05-27,8.352740150774556e-05,0.0005092732369401286,0.001080279291961826
2023-05-28,3.0950644525914356e-05,0.0004893074108385313,0.0012006493573200867
2023-05-29,0.001963331768414314,0.000465096222064501,0.0009042261365546359
2023-05-30,0.0001481359699292801,0.0006519924990276093,0.0011289410689185844
2023-05-31,2.465840274837174e-06,0.0006247406340980694,0.0007329399182743469
2023-06-01,0.0003089787970220961,0.0005838056945415404,0.0011200243000115265
2023-06-02,0.0002188204819660077,0.00058140541803434,0.0010379203662221445
2023-06-03,0.00025254330226655845,0.0005693210697976879,0.0012723533828244067
2023-06-04,4.12538426777158e-05,0.0005622134567746261,0.0011200998964564254
2023-06-05,2.629210282157285e-06,0.0005321546749635949,0.000987415243401694
2023-06-06,0.002643023644879614,0.0005005749944982889,0.0009419274468211068
2023-06-07,0.0031153274601276133,0.0007528267090198833,0.0008626063152983768
2023-06-08,0.0011105838928318049,0.001032630944819573,0.0011255726964209945
2023-06-09,3.767953793205136e-05,0.0010720071411612017,0.001038762053876831
2023-06-10,1.1043070290907216e-06,0.000987603715097331,0.0013447296586447078
2023-06-11,0.0005781771579386793,0.0009091046397024306,0.0008729875460037133
2023-06-12,1.1792879514608177e-05,0.0009020821355032958,0.001084754701062198
2023-06-13,2.1116885261020943e-06,0.0008346088385879312,0.0010658652170444521
2023-06-14,3.9228545577940637e-07,0.0007734814958549049,0.0009148196547799753
2023-06-15,0.0009681652565752693,0.0007186500215379326,0.0011230733906483308
2023-06-16,0.00031753014000666463,0.0007717610408227877,0.0010927528856593232
2023-06-17,0.000837684124290651,0.0007509379063144429,0.0009893500218110581
2023-06-18,4.8092849011614755e-05,0.0007872389450086448,0.0010785023386377707
2023-06-19,4.3594372163629256e-05,0.0007361255217515069,0.0009035727107407303
2023-06-20,0.00037478045221813226,0.0006898125367527597,0.0009866668710818772
2023-06-21,0.0028652998074913515,0.0006834474728248305,0.0010273799966610852
2023-06-22,0.0033958839248739263,0.0009385016923337246,0.0011947327006223754
2023-06-23,1.4728122274143935e-05,0.0012263947730354048,0.0009735339510894906
2023-06-24,0.0006680108449763015,0.0011245888784580972,0.0010654098209184571
2023-06-25,2.2973499917914396e-05,0.0011048273565783563,0.0010783122707643544
2023-06-26,5.029527115923971e-06,0.0010180802244868137,0.0008580579176781925
2023-06-27,4.740096589560944e-05,0.0009390948940326654,0.0009480877197689739
2023-06-28,0.00018721254161213526,0.0008730699795249592,0.0008115558598737658
2023-06-29,0.00039239322888545404,0.0008285271478534393,0.0009646929096897577
2023-06-30,0.00014078291260936354,0.000809949657002662,0.0010304555236175601
2023-07-01,1.0967184857571e-06,0.0007669828581830933,0.0010616039576247368
2023-07-02,1.3654091863989336e-05,0.0007136855379408647,0.001175755939613934
2023-07-03,1.00562683140447e-06,0.0006669374108017313,0.0009536963796489666
2023-07-04,0.00030075975059386126,0.000623325130389988,0.000923389835844781
2023-07-05,0.00014968003074993568,0.0006160333890960017,0.000854767747103549
2023-07-06,7.388319651566477e-05,0.00059333331186009,0.001053195567823342
2023-07-07,0.00040081239767327003,0.0005646448871100777,0.0010694857242866975
2023-07-08,0.00020652305366184592,0.000574088440071159,0.0010401003846037765
2023-07-09,2.690041328018883e-06,0.0005617061427666278,0.0011169870472143824
2023-07-10,1.6100515670409407e-05,0.0005282084420315146,0.0009047223474954265
2023-07-11,6.447349342367145e-05,0.0004992576962831424,0.0008607230575284768
2023-07-12,4.5778057285759626e-05,0.0004784157341676788,0.0009315366417308439
2023-07-13,5.650032095803738e-05,0.0004573410131103961,0.0011161076632434813
2023-07-14,0.001229141754900397,0.000439401597233749,0.0009188021139036477
2023-07-15,0.0013657054894181024,0.0005504400767569966,0.0010087308830748923
2023-07-16,1.592999762162763e-06,0.0006639203742225884,0.0015484521612861906
2023-07-17,2.3771211173133547e-06,0.0006195335003293109,0.0012362608977449696
2023-07-18,1.1689323682349193e-05,0.0005798023979563562,0.0009440713172381292
2023-07-19,9.300454672670557e-05,0.0005450489672911449,0.0007980133617437895
2023-07-20,3.6840462649143724e-06,0.000522708436694968,0.0008878881987582952
2023-07-21,1.6676003820492785e-05,0.0004924760687552636,0.0010600357154907252
2023-07-22,1.529168374975643e-05,0.000466477212623913,0.0009104246399442317
2023-07-23,2.1060345625277298e-05,0.0004426235437210832,0.000889515313511179
2023-07-24,0.00010919536868931528,0.0004215018419540761,0.0009682767053106637
2023-07-25,0.00093841366049783,0.00041256171099287664,0.0007834528751436781
2023-07-26,2.9875583471720343e-06,0.0004945160492423388,0.0008566438347068511
2023-07-27,1.8971715961316927e-05,0.00046626131351643735,0.0010052880835498587
2023-07-28,2.427768006655554e-05,0.00044249526580904144,0.0012544925170278841
2023-07-29,1.375997630655904e-05,0.00042141457821476605,0.000882238363115342
2023-07-30,1.6488120586687491e-06,0.0004008813237096744,0.0009637672657526249
2023-07-31,7.749396499629692e-06,0.00038054456070440095,0.0009354216007728741
2023-08-01,2.3872191252936752e-06,0.0003625431891688362,0.0008358754534742661
2023-08-02,0.0002289239756321066,0.0003451983280279622,0.0009849985028906579
2023-08-03,0.00031710732396479543,0.0003565419178575923,0.0008288173777602094
2023-08-04,8.393872201293437e-07,0.0003767640347873162,0.000959602984664356
2023-08-05,1.2894085557203988e-05,0.0003578235821632713,0.0009441149516829736
2023-08-06,1.210070158843167e-06,0.0003418589037098966,0.0010216619106916923
2023-08-07,8.738500172473412e-11,0.00032552030535280195,0.0012140234759076707
2023-08-08,2.2707834411621505e-05,0.0003100650658855411,0.000811141890114241
2023-08-09,0.00039387907612230857,0.0002987033061725175,0.0008971102203998294
2023-08-10,4.729452390053829e-05,0.0003326413297924408,0.000894106347145462
2023-08-11,1.9998327763156192e-05,0.0003224537671186896,0.0010967553465688399
2023-08-12,1.1745073905231132e-06,0.00030942624215412034,0.0009419126860800613
2023-08-13,3.851492467868425e-07,0.0002946989386808608,0.0014975704223516573
2023-08-14,2.055117812389066e-05,0.00028075290624137426,0.0008836620491744461
2023-08-15,1.829798217221184e-05,0.0002704661711125322,0.0007333202570166344
2023-08-16,6.608259390513592e-05,0.0002603824734391681,0.0009233731147808594
2023-08-17,0.0002622321899282749,0.0002576691000201012,0.0009172333112729397
2023-08-18,0.005420511059919566,0.00027963711555779576,0.000769828824051606
2023-08-19,0.0005444871602378619,0.00081934576717803,0.000951834174765343
2023-08-20,3.2010790162490584e-06,0.0008151721025938883,0.0010909087586939308
2023-08-21,1.2758251154291944e-05,0.000750398760706675,0.0011106559668998604
2023-08-22,6.259798160180544e-06,0.0006942971253772288,0.0010292399821881328
2023-08-23,1.2577446050982805e-05,0.0006437639323537602,0.0008123180398507242
2023-08-24,0.00023251539663472976,0.0005993727958017248,0.000919415277811131
2023-08-25,0.00010484870697640955,0.0005828673081502093,0.0010169480195119558
2023-08-26,1.930716953588592e-05,0.0005546134186041545,0.0010682083010917203
2023-08-27,2.268825171811648e-06,0.0005200624815480501,0.0008624537772766529
2023-08-28,9.724200528891017e-06,0.00048698418259542986,0.0010389240387415136
2023-08-29,3.9764100519095897e-07,0.0004577530965089056,0.0007946932710744187
2023-08-30,0.003630049554799159,0.0004301375744233365,0.0008346883475577826
2023-08-31,0.00024443100414628524,0.0007591551759801679,0.0010194743687261362
2023-09-01,0.0026346811725850836,0.0007282313575964616,0.0008652571275696394
2023-09-02,2.5551147614283217e-05,0.0009369452375117585,0.0009667118619627814
2023-09-03,6.9431558497417486e-06,0.0008653223066842534,0.0008801966755655775
2023-09-04,1.51147209071327e-05,0.0007997186099139553,0.000818599417703685
2023-09-05,3.684140988163275e-05,0.0007419033881131493,0.0009361406845456195
2023-09-06,1.5808068718716956e-06,0.0006922357582141228,0.0007944128268244655
2023-09-07,1.0774726522994202e-06,0.0006439729295452538,0.0008585117323076022
2023-09-08,0.0003508917765361929,0.0006003255678362628,0.0010221845445232572
2023-09-09,0.0001646384067428196,0.0005951072488983251,0.000945079561105745
2023-09-10,1.4836791800464035e-07,0.0005722009746578395,0.0008133436486808591
2023-09-11,6.018523412999001e-06,0.0005351120784407756,0.0009090582019854994
2023-09-12,0.0006896863972025643,0.0005019242024562395,0.0006986687067389264
2023-09-13,0.0006919597566193984,0.0005386423643206139,0.0008090606973042891
2023-09-14,0.00023024581361181476,0.0005722921180441633,0.0009568658379603063
2023-09-15,0.00013925970978837115,0.0005580527599617857,0.0015628370180453537
2023-09-16,6.745662938280827e-06,0.0005361167141557059,0.0012252558688634213
2023-09-17,2.3101274845587524e-06,0.0005028486261183161,0.0007384303375653918
2023-09-18,1.6488465168200888e-06,0.00047210780787054665,0.0009312514564734824
2023-09-19,6.823604842021921e-05,0.00044392823590161206,0.0008420091312353275
2023-09-20,0.00028666223736583903,0.00042500524551681,0.0008152005173566625
2023-09-21,8.476709381606016e-06,0.00042985589245122293,0.0007853171152262334
2023-09-22,0.00044186006302871764,0.00040589113799905394,0.0007727637180405824
2023-09-23,2.0173620835114747e-07,0.0004279378219116551,0.0010926310207192086
2023-09-24,4.471465858488675e-11,0.00040319889572576815,0.0008766303824378932
2023-09-25,0.00014908720319534532,0.0003804263158466807,0.0008757710899431466
2023-09-26,2.5127347181591465e-06,0.00037535477138305275,0.0007627767777156323
2023-09-27,9.57017284235238e-06,0.0003550180314102114,0.000761650619047041
2023-09-28,2.656147769369883e-05,0.0003370000370341478,0.0007653417851762705
2023-09-29,0.0006281643067761829,0.0003222433425949091,0.0008630300211124616
2023-09-30,1.6586678155560143e-05,0.00037063028839015154,0.0008601200584673858
2023-10-01,4.351221281255869e-06,0.0003519110133841483,0.0010590412302989292
2023-10-02,0.0013672335135857603,0.000333247751673131,0.0010093273498966457
2023-10-03,0.0002663145192667971,0.0004512544665385859,0.0010524030047016786
2023-10-04,1.3456550096298197e-05,0.0004513943760934325,0.0009553879289588447
2023-10-05,0.00017896337373601552,0.00042505739027830805,0.0012279855636109346
2023-10-06,0.00019295049790590132,0.0004186097270473138,0.0007422499348730541
2023-10-07,0.0003675611279865397,0.00041422222130295774,0.000882983077723752
2023-10-08,6.32924019562916e-07,0.0004279978431155171,0.0008286378557490716
2023-10-09,1.4578840246793866e-06,0.0004024543579938171,0.0009959446644782343
2023-10-10,0.00016026009764599382,0.00037919162022837937,0.0006736570096074167
2023-10-11,4.9126165284541e-05,0.0003749370978582347,0.0007261248275886822
2023-10-12,0.0003640929888314981,0.0003592265972575393,0.0007021672622502622
2023-10-13,1.8882341659635733e-05,0.0003775823791209179,0.001062265100215403
2023-10-14,1.5507889548763957e-05,0.00035830342506869956,0.0007200411845078736
2023-10-15,6.183498708709346e-10,0.0003401967587179913,0.000885457704170811
2023-10-16,0.00012167767314618347,0.0003216883974700895,0.0008181027200575037
2023-10-17,0.002386752136011869,0.00031824976350342584,0.000815208173246784
2023-10-18,1.327435942674592e-05,0.0005315805975502324,0.000549984775657469
2023-10-19,9.490834176106602e-06,0.0004973114462285689,0.0009752617468144973
2023-10-20,0.0001883545209735191,0.00046599530468089333,0.0008619400775407804
2023-10-21,0.0010880609553703096,0.00045621259028997906,0.000909537119488285
2023-10-22,6.243054036381578e-05,0.0005342915101202324,0.0007539407726905314
2023-10-23,6.349543003297607e-06,0.0005054189332657508,0.001036151041748719
2023-10-24,0.009628202712640282,0.00047343154105589227,0.0007729367575854604
2023-10-25,0.0005925695646011791,0.0013388554421325245,0.0008831836267364296
2023-10-26,0.0003090916005616992,0.0012878653628366728,0.0008689750972895081
2023-10-27,0.0001016833942085068,0.0012125033544586473,0.0012174988347143812
2023-10-28,5.260846426447831e-05,0.0011238012412127909,0.0008673205618308782
2023-10-29,2.7957814467016156e-05,0.00103971942988841,0.0010530973940883457
2023-10-30,0.0001711513409878996,0.0009621026803982295,0.001045402484024078
2023-10-31,1.0946511499025147e-06,0.0009059642647978972,0.0007050806070390337
2023-11-01,2.287650358073856e-05,0.0008393189852141287,0.0009025646406106909
2023-11-02,0.00048192874801745897,0.0007811424050368496,0.000889847064636683
2023-11-03,0.00020111899926119356,0.0007703008411792553,0.0009257009013491712
2023-11-04,3.494236766656172e-05,0.0007348184442374042,0.0008336687717556526
2023-11-05,0.00010045970097528965,0.0006873726396807175,0.0009337548512850416
2023-11-06,8.770721771845509e-07,0.0006501407027443123,0.0009753088774918838
2023-11-07,1.1695511672401016e-07,0.0006070713025965589,0.0007881338700862368
2023-11-08,0.0001328580192228651,0.0005676118843994375,0.001060996481958067
2023-11-09,3.546828152121572e-05,0.000543787628765659,0.0009233407184633545
2023-11-10,0.000823244626144644,0.0005129229136899659,0.00153647301518617
2023-11-11,0.0002815128961848055,0.0005572320312815439,0.0007647302831823568
2023-11-12,2.2332073374518737e-05,0.0005480379829178658,0.0011695509881796122
2023-11-13,5.070344700993012e-06,0.0005156826550379229,0.0010693095739780717
2023-11-14,0.0002254062949027439,0.00048433297568708714,0.0008941359805678642
2023-11-15,0.0007174018248901503,0.00047641605903449784,0.0009156568066473
2023-11-16,0.004076337162026087,0.0005145485137357734,0.0011094694648822038
2023-11-17,0.002174334162400861,0.0008515831557869864,0.0009183528821589505
2023-11-18,0.0001475920528604238,0.000991509067759423,0.0009544034325765298
2023-11-19,9.005101662660327e-08,0.0009300736309827471,0.0011973210940177854
2023-11-20,0.0004688693587536855,0.0008606658817901081,0.0009071610167754922
2023-11-21,5.833840529483096e-06,0.0008418918828396499,0.0008224451268684132
2023-11-22,0.002060490124948932,0.0007818484261252075,0.0007720772939369348
2023-11-23,0.001953762830887394,0.0009146292010078241,0.0012311497803887076
2023-11-24,1.4592395533915339e-05,0.0010276660151014218,0.0008858380185931636
2023-11-25,0.00013185655430630712,0.0009508070489223103,0.0010024017143800115
2023-11-26,4.106065692658457e-06,0.0008926045530156084,0.0008591897418036654
2023-11-27,7.123781738005353e-05,0.0008281711015943747,0.001119339255393518
2023-11-28,3.6242528028038824e-05,0.0007759798768216192,0.000838077701628181
2023-11-29,0.0002361543276259686,0.00072536194218635,0.0007078887587600775
2023-11-30,5.244294718952995e-07,0.0006973759816506321,0.0009714154482004921
2023-12-01,1.4877906969932657e-05,0.0006505153497016169,0.001003511794734069
2023-12-02,0.0006528398093906143,0.0006090248471752723,0.0008758579034074817
2023-12-03,0.0004061209644593347,0.0006290778322713269,0.0010257714544267289
2023-12-04,0.00015971324372856104,0.0006250646974459659,0.0015607795735983817
2023-12-05,0.002386964127941224,0.0005990132186465217,0.0007879318253299986
2023-12-06,0.002383903529812711,0.0007759267684948594,0.0007511494775972143
2023-12-07,5.7919949271691905e-05,0.0009383590138501487,0.0009221786043485293
2023-12-08,0.00010872566643692206,0.0008745277021406518,0.0009763387446080795
2023-12-09,0.0003994275343617817,0.0008215576312781813,0.0010272637883337874
2023-12-10,0.00010052767797407977,0.0008000212106704955,0.0011072578581970223
2023-12-11,1.507218479509519e-06,0.0007531909514613383,0.0011797126313828393
2023-12-12,0.0035603473986319336,0.0007016161467571622,0.00102759359895558
2023-12-13,2.491685089586256e-05,0.0009741514159237301,0.0010037642719398282
2023-12-14,0.0011670934582534774,0.0009045081622977901,0.0007929350264911265
2023-12-15,9.619061322041096e-06,0.0009452774640144998,0.0011951227072431857
2023-12-16,0.0006636640950881589,0.0008771160818161988,0.0009635676213815679
2023-12-17,5.4385146238056226e-05,0.0008746052795911844,0.0012609633007168578
2023-12-18,0.00043862694217967034,0.0008171940567620578,0.0009979352372255347
2023-12-19,0.0008987805840360909,0.0007996266615829942,0.0008468877097106021
2023-12-20,6.916534851771278e-05,0.0008249612872656827,0.0009330031295070054
2023-12-21,0.0010345703220238334,0.000773392714566725,0.0014060203626555842
2023-12-22,2.4567542944109394e-05,0.0008132208313561515,0.0012228338710354866
2023-12-23,8.588215833071989e-06,0.0007586827019851038,0.001675218266839772
2023-12-24,3.468494282912924e-05,0.0007076200167167862,0.0010792036205395485
2023-12-25,0.0002781457638966391,0.0006633886650872929,0.0013416941218702678
2023-12-26,0.00018998850137943562,0.0006449772720069333,0.000812623839792717
2023-12-27,0.000643864211917307,0.0006202184500213629,0.0009414516119050205
2023-12-28,0.0004606342362081139,0.0006386286087031704,0.0009620976591432017
2023-12-29,0.0003586661483041962,0.0006389604954293815,0.0009246185236117658
2023-12-30,0.000155610140217816,0.0006300354392796915,0.0012205914061485911
2023-12-31,1.8629062497771704e-06,0.0006035201161456242,0.0009191283559228581
2024-01-01,6.580912632254169e-06,0.0005652229186807005,0.0014369008921729773
2024-01-02,0.0019379069750498205,0.0005305534382855111,0.0010456021025809297
2024-01-03,0.00031479999718361004,0.000673268458555879,0.0009059752802052502
2024-01-04,0.0023102397625279305,0.0006574200490653542,0.0007538644206581171
2024-01-05,0.0009368103464951705,0.0008225764105779255,0.0009886711351303615
2024-01-06,1.5216462608219127e-07,0.0008505705822994935,0.0008977444520910515
2024-01-07,1.549449018425384e-05,0.0007897201888950255,0.0011635466834546992
2024-01-08,1.0993119895958824e-06,0.0007362127997927371,0.0008784870554791311
2024-01-09,0.004438792867458351,0.0006863838695060798,0.0008982246483117476
2024-01-10,0.0003184589117027393,0.0010385780271631574,0.0009430746115204958
2024-01-11,0.00011071317323307901,0.000990541257516258,0.001231545268844781
2024-01-12,3.107216437073296e-05,0.0009277460290251007,0.001043486351094043
2024-01-13,0.006216160121297319,0.0008636217923604569,0.001362932206563639
2024-01-14,6.335725162604881e-08,0.0013590501382806288,0.0009625352155470138
2024-01-15,0.0006111167341701149,0.0012514650531305295,0.0013476720198996707
2024-01-16,0.0002882716370783892,0.0012117316702166708,0.0008105372550913813
2024-01-17,0.00022534106432618123,0.0011458512920455863,0.0008080976376551325
2024-01-18,9.215448633901939e-05,0.0010803787037898596,0.0008587056783009665
2024-01-19,0.0012428378885656532,0.0010089884871853937,0.0010092784647800434
2024-01-20,7.394499785572228e-05,0.0010464622490911747,0.0007446312924827697
2024-01-21,1.283651506009474e-06,0.0009766157499436175,0.0009301906620906158
2024-01-22,8.291145484757426e-06,0.000906718313692133,0.0009399039866745053
2024-01-23,0.0025309864536874555,0.0008437606319074119,0.0007381256372072209
2024-01-24,7.265148860190086e-05,0.001008704081699171,0.0010691501271633177
2024-01-25,3.356702606250706e-05,0.0009423981628061213,0.0010375382951872858
2024-01-26,1.2824687532095297e-05,0.0008786531602326017,0.0008946081904095937
2024-01-27,0.0021230507171764394,0.0008187384059103992,0.0009040781303831836
2024-01-28,5.218780654751076e-05,0.0009495228840245149,0.0008773669943940664
2024-01-29,4.029076719017568e-06,0.0008868685954563785,0.0007965880157057986
2024-01-30,0.0008622689115703401,0.0008256031871695364,0.0011440039334915902
2024-01-31,6.0586686068356896e-05,0.0008449341372847144,0.0009898518619207704
2024-02-01,7.484936600772731e-05,0.000792249317539158,0.001187093102305729
2024-02-02,0.00013259269848838484,0.0007453584806200355,0.0012326987199440687
2024-02-03,6.514615742641854e-06,0.000707576912811047,0.001196056203256545
2024-02-04,2.0189255052736183e-05,0.000661786660966183,0.0009807963786507788
2024-02-05,9.122324814892429e-05,0.000620969848097745,0.0009748357629722416
2024-02-06,3.1036134270638798e-06,0.0005899231064091113,0.0007774627477238308
2024-02-07,9.874008781882856e-05,0.0005533461624488775,0.001068449932879073
2024-02-08,0.0007968564668651724,0.0005285943872183542,0.0012828434273237078
2024-02-09,0.0004816124880226383,0.0005693542901165406,0.0009876624359142683
2024-02-10,0.0015946441222882536,0.0005779524080732791,0.0011582282786019372
2024-02-11,0.0001729214662817097,0.0006843691710597622,0.0008274181932112658
2024-02-12,0.00011839755939942766,0.00065537664060491,0.0008856301855966328
2024-02-13,0.0011479545874908293,0.0006240105945569198,0.0008998796464448413
2024-02-14,1.8736680654212956e-05,0.0006869364504156817,0.0009260472414814328
2024-02-15,0.0016848438547301062,0.0006438683729912669,0.0009235392073703849
2024-02-16,4.648375795996716e-06,0.0007525548164494763,0.0009144960871222659
2024-02-17,1.8134248291879284e-05,0.0007024666241733546,0.0010071136747473813
2024-02-18,9.173864906047217e-05,0.0006580788033961327,0.0010367828360455414
2024-02-19,7.842580080744268e-05,0.0006241942216969833,0.0008680271937321301
2024-02-20,4.3694264062073286e-05,0.0005920193197585075,0.0008303248647192963
2024-02-21,9.447216642031173e-05,0.0005594295500614276,0.0012682338875425487
2024-02-22,7.328908269452193e-05,0.0005341583952791225,0.0009213317656484197
2024-02-23,0.00010729950921046446,0.0005090568783994193,0.0008471638038363995
2024-02-24,0.000126153468616464,0.0004891493670373064,0.0010037591105337374
2024-02-25,0.00026914351876543014,0.00047263966923218693,0.001043417859375549
2024-02-26,9.853404925971224e-06,0.0004706665928347124,0.0009960646775019064
2024-02-27,0.002757424829142893,0.00044482138501167643,0.0008568550136722713
2024-02-28,0.0021101359808660463,0.0006649096038472674,0.0010269646504146037
2024-02-29,0.008225636168191466,0.0008105542636978542,0.0011554800593171347
2024-03-01,0.00044615638459431073,0.0014921568027234512,0.0014258492464337801
2024-03-02,0.0004038277452537275,0.0014150529690471903,0.0011895393531666722
2024-03-03,4.356722481915568e-05,0.0013412535982807435,0.0010407322841848783
2024-03-04,0.00033022902216905736,0.0012401019334163388,0.000976743262042678
2024-03-05,0.006172786193134418,0.001176067731974244,0.0009542747394515812
2024-03-06,0.0047036253946256615,0.0016425520297367157,0.0009327403656443767
2024-03-07,0.0012602287143513586,0.0019460810108480014,0.001151178516476103
2024-03-08,0.0001514903115523535,0.0019047444535944,0.001044819523379037
2024-03-09,0.00041336225727785735,0.0017606706384091727,0.0011698996231354593
2024-03-10,8.44656011328847e-06,0.0016560140074952632,0.0013696496543261195
2024-03-11,5.739313438837769e-05,0.0015240429573628968,0.0010538561998701067
2024-03-12,0.001935322334593581,0.0014096789460945475,0.0008179335881420366
2024-03-13,8.00995653102126e-05,0.0014743348836566735,0.0007701983857590907
2024-03-14,0.0004913714141168891,0.0013667956645406737,0.0012147462275790637
2024-03-15,0.0005453374561652027,0.0013058439127702766,0.0009830811757322007
2024-03-16,0.0008013951379523458,0.0012551093730201637,0.0010079897670147876
2024-03-17,0.003686642154227406,0.0012316187694511485,0.001501121885230114
2024-03-18,0.002117126294658905,0.0014678862672904294,0.0012824086638538411
2024-03-19,0.00015347511942463053,0.001543811515067345,0.0007854631748149624
2024-03-20,0.0075900219193006015,0.0014362934087860226,0.0008337588049233224
2024-03-21,0.008558257917010067,0.002007393801587735,0.0009600503636977306
2024-03-22,0.0013190460975498611,0.002627498720742743,0.0009116096185894261
2024-03-23,0.0007021676749773113,0.0025278149466863844,0.0014255608691721888
2024-03-24,1.9662915968101117e-05,0.002378426730855013,0.0013791271238892187
2024-03-25,0.0023355079323943762,0.0021798708463141424,0.000928345870805503
2024-03-26,0.0015780794143604748,0.002212932662327932,0.0008900400118229257
2024-03-27,1.720412924625928e-07,0.00217346920556127,0.0009175622396781759
2024-03-28,5.833055914664743e-05,0.0019934245046520148,0.001115671920282698
2024-03-29,0.00033845659886144936,0.0018360116977468287,0.0009319623740046099
2024-03-30,0.00014684975360872702,0.0017183318469121858,0.0010483576913927302
2024-03-31,1.2586580076476365e-05,0.0015941839405664174,0.0008658045215037823
2024-04-01,0.0005737394397250535,0.0014691329324537398,0.0010835422264946432
2024-04-02,0.0005353208769692371,0.0014056437012403373,0.0009068277831987111
2024-04-03,0.003967854033335973,0.0013444272161126883,0.0013930315800008742
2024-04-04,6.599520152130818e-05,0.0015987778868839305,0.0009969454609907798
2024-04-05,0.0014136744772254393,0.0014786258299474893,0.00111658767211684
2024-04-06,9.69364383335278e-05,0.0014898119599246714,0.0009267247016612903
2024-04-07,0.00023970769361680437,0.001382187463103023,0.001497626613521009
2024-04-08,4.552815388413337e-05,0.0012967888721551134,0.0008071839857480746
2024-04-09,0.0010359253416558384,0.0012013805499462298,0.0007489145708765636
2024-04-10,0.001254134482598927,0.0012041219623322563,0.0006986086108464843
2024-04-11,0.0004301186160286387,0.0012261180436008358,0.0009336234256946348
2024-04-12,5.621674368460695e-05,0.0011718310309718856,0.0008566009138448427
2024-04-13,0.0017429765112104076,0.0010886517937437376,0.0008608535299404413
2024-04-14,0.0026545216068591267,0.0011652565828846424,0.0008781304075805126
2024-04-15,0.0008760712907471078,0.0013156769826469664,0.001145092853181502
2024-04-16,0.001282427684938918,0.0012932900422017342,0.0008101772926012865
2024-04-17,3.674687623509971e-05,0.0013091286957832478,0.0008024032463836438
2024-04-18,0.0016434579803454915,0.0012127794767889523,0.0008255972535804711
2024-04-19,0.001284591766979985,0.0012680518559634781,0.0012468232792053452
2024-04-20,2.6989509511534687e-05,0.0012862923341421676,0.0009704315646511598
2024-04-21,0.00031918937826499907,0.0011911415423859874,0.000944051190020887
2024-04-22,1.0892313649939637e-06,0.0011302952337197017,0.0010025126304897512
2024-04-23,0.0008415163812793379,0.0010465603633329236,0.0006656720981972341
2024-04-24,4.173674864850118e-05,0.0010452557793545253,0.0006048640589195688
2024-04-25,0.0010631708855274495,0.0009725456164617151,0.0007820098726877843
2024-04-26,1.0120560057550286e-05,0.0009978323547749112,0.001219943468736423
2024-04-27,0.0001283447731966543,0.0009265194016844758,0.0008104998727044092
2024-04-28,2.795150147724056e-05,0.0008719060364989152,0.0009094356772763945
2024-04-29,2.3380090213586706e-05,0.000812805100930856,0.0008931954289444129
2024-04-30,0.00013149419406425033,0.0007581834419727506,0.0007605527961454221
2024-05-01,0.0026516968896437604,0.0007182796307398628,0.0008057288020455856
2024-05-02,0.0016072019646849573,0.0009110746865411342,0.0009899388351531336
2024-05-03,0.000219466226616518,0.0009904796512045665,0.000967164732119701
2024-05-04,0.00381395255446722,0.0009386190926529643,0.0008197438137270748
2024-05-05,0.00024968248450131454,0.0012132182208532834,0.0014932251463762945
2024-05-06,4.767720535885354e-06,0.0011440693311009665,0.0008677181513662128
2024-05-07,0.00018679685958465978,0.0010593635857961807,0.0006850382695537703
2024-05-08,0.00017376327841016182,0.0009986606612173632,0.0008097764068575558
2024-05-09,0.00034484438964061515,0.0009422240926542038,0.0008478964808189118
2024-05-10,0.0008986390311501964,0.0009059821351591062,0.0008153524777934676
2024-05-11,0.0013290730845895039,0.0009223371115549399,0.0009490002626874831
2024-05-12,2.358333566167788e-10,0.0009755614154176067,0.0009115415236324782
2024-05-13,0.00011473332201375603,0.0009057850488909125,0.0007778368454937083
2024-05-14,0.0005462267429110897,0.000852341179128874,0.0007653764930249196
2024-05-15,0.0004697639280622441,0.0008419886085969886,0.0006148788615366698
2024-05-16,0.005447074353307265,0.0008258064648654196,0.0007574066552979278
2024-05-17,0.0002482428512790234,0.0012542725409336712,0.0008386184151924473
2024-05-18,0.0007575064412105011,0.001181559674718337,0.0010264084760181317
2024-05-19,2.748489186851007e-06,0.0011611916601175836,0.001109228375706319
2024-05-20,9.890619853897717e-05,0.0010751418051745873,0.000916878347488965
2024-05-21,0.00564137522416658,0.001005561542470506,0.0007999259012581423
2024-05-22,0.0003433185484818776,0.001434597792817315,0.0007083376789737693
2024-05-23,0.0002121645545877574,0.0013544301109361743,0.0008396116644864728
2024-05-24,0.0003029896047689519,0.0012698922621255495,0.0009896263738469744
2024-05-25,7.644695032125719e-05,0.0012012874419817016,0.0009791904090376503
2024-05-26,0.00011531878391895745,0.0011188818008830623,0.0009822127533098207
2024-05-27,0.00011784238086361425,0.0010473796412949822,0.0016530186356393866
2024-05-28,0.00016155805572275046,0.0009824527236390556,0.0009079039494895341
2024-05-29,0.0002545300855583873,0.000927035435610186,0.000768191482818758
2024-05-30,0.00011173608532387222,0.0008846023435046044,0.0008031293277557612
2024-05-31,0.00013402715836992234,0.0008332520315610553,0.0008362085123103983
2024-06-01,0.00016539227430798168,0.0007882608353672562,0.000790303246462656
2024-06-02,1.0164989743181887e-05,0.0007499134007540411,0.0006054690749777003
2024-06-03,4.348742504335224e-07,0.0007008304799102713,0.0007544528175090304
2024-06-04,0.00023793490262250574,0.0006548302212971553,0.0007668535789277722
2024-06-05,0.0006401013976463371,0.0006345780381363067,0.0006037850969051678
2024-06-06,5.288515197210938e-05,0.0006527281233474708,0.0009094440123148461
2024-06-07,2.1085456270248033e-05,0.0006158147253549085,0.0007302023804545243
2024-06-08,0.000407820135652996,0.0005789507271886816,0.0006919344368866988
2024-06-09,2.8198185690205313e-07,0.0005810502955472378,0.0007866287314120117
2024-06-10,2.4262117831339662e-05,0.0005452124962881873,0.0008243688136425831
2024-06-11,3.8041656618556657e-06,0.0005145245634907302,0.0006248921990133087
2024-06-12,0.001015529584156721,0.0004843053770866982,0.0006710160085666697
2024-06-13,0.0001798880255462635,0.0005508393945587124,0.0006845220262753991
2024-06-14,0.00048391884193352427,0.0005344409693802589,0.000911800318100863
2024-06-15,0.00012605303785042036,0.0005473354585277037,0.0009663854160553164
2024-06-16,7.407580215706287e-06,0.0005263045794771093,0.0008690604571145103
2024-06-17,4.551112162853295e-05,0.0004959388279516359,0.000834493124009661
2024-06-18,4.993749109371174e-06,0.000471607580378745,0.0006760478225324774
2024-06-19,0.0004204866805239041,0.0004453582428618274,0.0004809586854687312
2024-06-20,7.695006735183407e-06,0.0004607130267788178,0.001040710202194629
2024-06-21,4.114951315855791e-06,0.0004356455718989679,0.0006927899240058784
2024-06-22,0.00012911013490380957,0.00041218033892153114,0.0010126029356214566
2024-06-23,5.937905638664112e-06,0.00040290373498741677,0.0007492777489473412
2024-06-24,0.00028296088949524814,0.00038215505424533654,0.0011091490795610138
2024-06-25,0.0022130376387084903,0.00039036347472913726,0.0007129912152140824
2024-06-26,0.0006260493695941124,0.0005739610956110208,0.0008890710962296724
2024-06-27,0.00026254363398444346,0.0005969599264735066,0.0007432023540069533
2024-06-28,0.0001680795013038908,0.0005840488174448161,0.0007716376991270805
2024-06-29,0.00044410555257434466,0.0005633654521480346,0.0008584224016567544
2024-06-30,8.7608103617437e-05,0.0005704853800749698,0.0010051767637074206
2024-07-01,0.0008403779335142998,0.0005433646378597074,0.0010857011873182582
2024-07-02,7.657741892815414e-06,0.000588943090876434,0.0013472260384997557
2024-07-03,0.00017371704087483974,0.0005525485030843716,0.0008631090666138425
2024-07-04,0.000921924066457839,0.0005352833096402764,0.0007138458578454671
2024-07-05,0.00297887258476117,0.0005890183412823366,0.0006585975135996528
2024-07-06,3.0798147186138297e-05,0.0008271448928671323,0.0010944368625477442
2024-07-07,0.000815238724883766,0.0007707154931852785,0.00086848582980178
2024-07-08,0.0018497927632381247,0.0007943301384736157,0.001276658929003621
2024-07-09,0.00023136033819662715,0.0009123723094697775,0.0007477187689424736
2024-07-10,0.0005170150119653941,0.0008676386991476026,0.0005338182152930379
2024-07-11,2.123987022992953e-05,0.00085433047456188,0.0006497503431577863
2024-07-12,4.7737679988227733e-05,0.0007950517622997438,0.0008632890513700596
2024-07-13,9.262107877462039e-05,0.0007440904034110155,0.0007134338803654479
2024-07-14,0.0005176991565569834,0.0007022103963006162,0.0008530590664798886
2024-07-15,0.000672253419260767,0.0007036491703165921,0.0006902053810634322
2024-07-16,0.004224820653250814,0.0007192511597170659,0.0007817337089281964
2024-07-17,1.2201955678604806e-05,0.00106077668767739,0.0006798552848116724
2024-07-18,0.00022931779204559308,0.0009811906784051676,0.0007631671414507146
2024-07-19,5.106308086498056e-06,0.0009303915696522564,0.00099547584785356
2024-07-20,0.0017538858287193587,0.0008634442657618148,0.000865955019395704
2024-07-21,4.5899898022767614e-05,0.0009640866166396162,0.0009326840890623759
2024-07-22,0.0002144870197324088,0.0008978782411650112,0.0010559143009349515
2024-07-23,7.035463004774066e-05,0.000853669620456953,0.0007550503751782984
2024-07-24,0.0006166035683691348,0.0008003024189326047,0.0007273869857577398
2024-07-25,7.160877057906803e-05,0.0008018579630645943,0.0012906609325737091
2024-07-26,3.816291077864484e-05,0.0007533697702717386,0.000952828915143188
2024-07-27,0.0010201631013015621,0.000706186489467221,0.0009723142602875672
2024-07-28,2.1164398282081256e-06,0.0007530062616993721,0.0007518677981146467
2024-07-29,4.230885379714783e-05,0.0007026029886351426,0.0009263382742460787
2024-07-30,0.00045208309067996515,0.0006603485155509771,0.0005858674844451709
2024-07-31,8.658946847271511e-05,0.0006594777850503844,0.0005832347333086661
2024-08-01,0.0005848392818337611,0.0006251328768275816,0.0008364595195201074
2024-08-02,0.00012904610366658105,0.0006396034683199285,0.0010420949390857164
2024-08-03,0.0038709568142614886,0.0006109320228290281,0.001027298862032413
2024-08-04,0.00014494924221679877,0.0009251763053340478,0.0006605357621938132
2024-08-05,0.0018626028412365861,0.0008721157752757669,0.0007283825343420601
2024-08-06,0.005421669335973589,0.0009817766393380924,0.0007856508868460295
2024-08-07,0.0013792655899183387,0.0014107804819293976,0.0006684162009940468
2024-08-08,0.000328767452018248,0.0014302745101965732,0.0010044881044947002
2024-08-09,0.01313679477509197,0.001346664143731125,0.0007947701017766558
2024-08-10,0.00018337583927469772,0.002471306328830128,0.0007918826737184148
2024-08-11,1.1633249573763003e-06,0.0022703580462225146,0.0008803297631556302
2024-08-12,0.0013848480448520474,0.002073420007220411,0.0005803116759223539
2024-08-13,0.00011570443582832814,0.002031252815767721,0.0007244155827986494
2024-08-14,0.0004378363439595786,0.0018715850787836075,0.000685164573647457
2024-08-15,0.0009845977982261972,0.0017584367595670002,0.001023954478077563
2024-08-16,0.00040985444133200926,0.0017066029481009198,0.0006919827882485839
2024-08-17,0.0005249336292886665,0.0016064202510871007,0.0007213560136136198
2024-08-18,9.765077438026044e-05,0.001526116099195697,0.0008800905279892983
2024-08-19,0.0002846049276957811,0.0014143733750305021,0.0005616922434944886
2024-08-20,0.0002928774803081919,0.0013299215393956837,0.0008129240009805501
2024-08-21,6.580494318819757e-05,0.0012539382420305306,0.0006970129198229516
2024-08-22,0.0012950992763379604,0.0011641948480282695,0.0007142403121725544
2024-08-23,0.00017035768262415628,0.0011948471921680388,0.0009929786104986656
2024-08-24,0.0035601124384867892,0.0011200067034356034,0.0007521998806848377
2024-08-25,1.74142548284549e-06,0.0013614259130799867,0.000558148389594986
2024-08-26,5.785112883356573e-06,0.0012565571876283674,0.000721364975669888
2024-08-27,0.0005217803580853599,0.0011616519189678281,0.0008002340883849365
2024-08-28,0.0030462537334533155,0.0011219672707649157,0.000637921680229564
2024-08-29,6.464504935504849e-05,0.0013154895152900235,0.0006245795040794147
2024-08-30,3.708391924439265e-05,0.001220694220077752,0.0008539183759029682
2024-08-31,2.0564307828330922e-05,0.0011320819348940836,0.0009439662023622513
2024-09-01,6.417634474244752e-06,0.0010499243973136401,0.0007665712065366136
2024-09-02,0.0007998585854740254,0.000973690822990276,0.0009945325379779068
2024-09-03,0.0009422892991604875,0.0009766101391944873,0.0008055262713717035
2024-09-04,0.0008327519724447368,0.0009921328661115537,0.0009058946891021976
2024-09-05,8.775097364609644e-05,0.0009961243837815982,0.0008899365577315638
2024-09-06,0.0010073469912483249,0.0009322675612218901,0.0007340196918622184
2024-09-07,0.001614340783308986,0.0009576252989966674,0.000707759227356414
2024-09-08,1.2481508578442002e-05,0.001035598634723975,0.0008032653785534442
2024-09-09,0.0001659177238130352,0.0009616395405040708,0.0008395346895399292
2024-09-10,0.0015167530346654491,0.0009080612779476928,0.0006021904882289082
2024-09-11,0.00012042769184041213,0.0009816386982290102,0.0004914330471858996
2024-09-12,2.823976959188553e-05,0.0009222542394347628,0.0007373381212753894
2024-09-13,0.00018432671852015557,0.0008598400150501876,0.0009047627325296661
2024-09-14,0.0016966756536219074,0.0008170272572355906,0.0007500433667894497
2024-09-15,8.819625815335886e-05,0.0009153085498685705,0.0007813323759558764
2024-09-16,0.00019039429105502,0.0008590196516292982,0.0006176166461975016
2024-09-17,0.0002847639933984459,0.0008169362563529882,0.000708882435515565
2024-09-18,0.0012757104223969401,0.0007871415578435993,0.0006603910522623299
2024-09-19,0.00048375057715175995,0.0008498240398374909,0.0007552735795015756
2024-09-20,0.0004293647748465979,0.0008351032854876047,0.0007975037354283985
2024-09-21,1.6032109272554098e-05,0.0008167891756761488,0.0008196670369089322
2024-09-22,1.0171653730918221e-05,0.000762751805076284,0.0008796634976278299
2024-09-23,1.597284983170592e-05,0.000712870603904785,0.0011497660285878916
2024-09-24,2.5231208546957264e-05,0.0006677748643182543,0.0008395450999492351
2024-09-25,0.00023208219549778007,0.000627341353189741,0.0008234327872935174
2024-09-26,0.0003307293069371523,0.0006096675528415958,0.0009050692547592755
2024-09-27,0.0010089536434914595,0.0006027546147046879,0.0009509722990041811
2024-09-28,8.666920419554446e-05,0.0006586960131136138,0.0008339804253206189
2024-09-29,2.1698773506079037e-06,0.000624932771222244,0.001282227264955927
2024-09-30,1.4724584857007063e-05,0.0005862440636241301,0.0010535769433802783
2024-10-01,0.0012789547647208707,0.0005519644926795849,0.0007831759793070832
2024-10-02,0.0016122610333285214,0.0006373019977900344,0.0007792095342550452
2024-10-03,1.1306601046776111e-05,0.0007447724649711734,0.0009291834696952886
2024-10-04,4.351752186681319e-06,0.0006964116367685836,0.001042690746757577
2024-10-05,0.0004537020797103176,0.0006518000365769529,0.0008111506768186546
2024-10-06,1.3104589435270127e-07,0.0006523539225964969,0.0008379220255253667
2024-10-07,0.00013625196692693028,0.0006112380655977583,0.0010109413591765464
2024-10-08,8.672473468339664e-05,0.0005862796640903283,0.000667766120540191
2024-10-09,2.8343962865944683e-06,0.0005589114864388574,0.0006249210146692594
2024-10-10,0.0006381259756018784,0.0005260318998405033,0.0009782644713577655
2024-10-11,2.591183594986984e-05,0.0005549596638419548,0.0010350829401541545
2024-10-12,0.0012516368018575107,0.0005245976098532746,0.0008253852925772445
2024-10-13,0.00014175993997673437,0.0006096421426879519,0.0008087229870721595
2024-10-14,2.9388261559366275e-05,0.0005853192490251375,0.0009650129526369461
2024-10-15,0.002458230867728564,0.0005526659658114715,0.000999272086756445
2024-10-16,0.0002235815154013394,0.0007444340333469027,0.0006634759978426088
2024-10-17,7.208194314748694e-05,0.0007156269992198637,0.0011281726859421293
2024-10-18,9.944743811866871e-06,0.0006753529700502024,0.0010618374971709816
2024-10-19,0.00022514693547101843,0.0006330133381839662,0.0012850673421859974
2024-10-20,6.717830448907528e-07,0.0006143784870122793,0.0009803378404403006
2024-10-21,8.655195247418833e-05,0.0005766425218041473,0.0011334600637021965
2024-10-22,0.0005742379698354759,0.0005501755515888675,0.000996915119198602
2024-10-23,9.154278378569514e-09,0.000570869245293037,0.0010892200396494022
2024-10-24,0.00019294427376856447,0.0005368311901931811,0.0008095190144572871
2024-10-25,0.0006600556369639281,0.0005237075824175393,0.001188335332494335
2024-10-26,0.0005076970388358669,0.0005546845031203164,0.0009786719201668977
2024-10-27,3.103276236646553e-05,0.0005690542637929691,0.00090733227076055
2024-10-28,0.00018375114803496667,0.0005380453255731374,0.0008427554764781121
2024-10-29,0.0008242190318047952,0.0005240186608489961,0.0005201110275518739
2024-10-30,0.0015560335082096214,0.0005701301869266137,0.0007993007497427153
2024-10-31,2.7587321476704827e-05,0.0006789577013356349,0.0010188337237065465
2024-11-01,0.0008884108041562588,0.0006377468166602088,0.0009612698431904969
2024-11-02,0.00011004348277362703,0.0006799332601332449,0.001088133852258706
2024-11-03,7.75267612144271e-06,0.0006464649574835761,0.0009474188239356674
2024-11-04,6.308467411870761e-05,0.0006064803330569772,0.0008598865817390696
2024-11-05,0.00018538487276825065,0.0005752926331593671,0.0006263421204012548
2024-11-06,0.0005095002623032252,0.0005582387451135227,0.0007066763073327396
2024-11-07,0.007511520981013973,0.0005725696038080595,0.0007424518370751802
2024-11-08,1.2303606330076439e-05,0.0012175597711218996,0.0007950565579974504
2024-11-09,7.06326507917834e-05,0.001124222312875886,0.0006960559447889851
2024-11-10,9.268410214712052e-06,0.0010465546778322323,0.0011495183068672052
2024-11-11,0.0022096623145905817,0.0009710152024065322,0.0013906064390493504
2024-11-12,0.009475103463588009,0.0011024888439502838,0.0008365678504213018
2024-11-13,7.126848289198068e-05,0.0018824242471709176,0.0008131692579839793
2024-11-14,0.0008669992202466405,0.0017324819334136815,0.000978112427666585
2024-11-15,0.0014060191833830517,0.0016749497023803921,0.0012068838158157086
2024-11-16,0.0018320213302332581,0.0016725198894042936,0.0011910914762066059
2024-11-17,3.1234822300008866e-05,0.0017092216839206,0.0012141642709947405
2024-11-18,6.241553707982966e-05,0.0015745412127545467,0.0013543432769745748
2024-11-19,5.968281574046466e-05,0.0014564391996082222,0.0007972312969011597
2024-11-20,0.00038799320747181956,0.0013496713747637226,0.0007072853830897501
2024-11-21,0.00045716619022099846,0.0012823723171200936,0.0009331716432796792
2024-11-22,0.001866640691328439,0.001227298962391212,0.000935833623252434
2024-11-23,2.4917289474324176e-05,0.0013032229773637864,0.0009150186443592182
2024-11-24,0.0001538592787591186,0.0012077268189469,0.0010030365139245283
2024-11-25,5.838217315302861e-06,0.0011323888012598107,0.000983045570060463
2024-11-26,0.002642950806627603,0.0010507186179813694,0.000917019020681443
2024-11-27,0.00014568134019930635,0.0012115236846711444,0.0008039704665560309
2024-11-28,0.0017917284358059044,0.001135230002835706,0.0010494004159078603
2024-11-29,1.0473702436382604e-05,0.0012123418997591687,0.0008160106662051464
2024-11-30,0.00035104380048544447,0.0011240309197495405,0.0010355594986273657
2024-12-01,0.00010905061956667544,0.0010737668745254148,0.0009222312055086355
2024-12-02,7.355312100832301e-05,0.0010065370260789314,0.0010170451620325858
2024-12-03,0.00021453811838755343,0.0009420529525724383,0.000991428461758608
2024-12-04,2.0351974565097056e-06,0.0008957255292888074,0.0010442994416342008
2024-12-05,0.0008070321266005399,0.0008343699726120945,0.000808797572478128
2024-12-06,0.000495813290832631,0.0008508773498057678,0.0009564380884079115
2024-12-07,0.0011468247987729927,0.000837835727029663,0.0011439843928200484
2024-12-08,6.901383728855797e-10,0.0008842015580374058,0.001248311469362083
2024-12-09,0.00017033715785832188,0.0008239981557829986,0.001441879588246837
2024-12-10,0.001466315821709927,0.0007841806005395535,0.0008179422723690079
2024-12-11,6.0883587246166056e-05,0.0008639383993033587,0.0007486325834973374
2024-12-12,0.0020677891426652,0.0008110066180182711,0.0009384486054018821
2024-12-13,0.0001261609274117761,0.0009416614422607152,0.0010616434184366045
2024-12-14,0.00019760553175006678,0.0008877552914233132,0.0009941373076151985
2024-12-15,7.239317574248867e-07,0.0008449538269592946,0.0009975111394749149
2024-12-16,0.0008095377965859807,0.0007884470226149197,0.0009423652732509376
2024-12-17,0.00027095028054653256,0.0008089267403155499,0.0008186467834825
2024-12-18,1.0924945335035684e-06,0.0007795851718491115,0.0007020302902070705
2024-12-19,0.003502172345534733,0.0007287583775820945,0.001174507036361233
2024-12-20,0.0006669773755329339,0.0009940489364021127,0.001275475873352616
2024-12-21,7.367280921517353e-06,0.00098382164135762,0.0010870132196738602
2024-12-22,2.9689325237383744e-05,0.0009156088247429709,0.0008687718081672952
2024-12-23,0.00048594588871478405,0.0008556198160171579,0.001095025737479713
2024-12-24,1.94672921938208e-05,0.0008413724771880172,0.0010103846109292965
2024-12-25,0.001703542586348305,0.0007870492816188778,0.0007009907136989696
2024-12-26,3.9624023131708644e-05,0.000886918784981281,0.0008358833957180537
2024-12-27,0.0012903608649809726,0.0008303929593039658,0.0014255351795530323
2024-12-28,0.000294767860490899,0.0008897941123741569,0.0007507188407350258
2024-12-29,0.00011138503543104241,0.0008556255295409217,0.0009645257235702086
2024-12-30,0.00029985484721013685,0.000808211621481567,0.0007742697216422547
2024-12-31,9.08016350160862e-05,0.0007816680554578548,0.0007220506139495218
